date,fill_mode,alpha_enabled,classification_accuracy,calibrator_slope_ticks,classic_as_net_pnl_hkd,classic_as_maker_fills,as_drift_unit_net_pnl_hkd,as_drift_unit_maker_fills,as_drift_net_pnl_hkd,as_drift_maker_fills,paired_as_no_drift_net_pnl_hkd,paired_as_no_drift_maker_fills,as_drift_kill_switch_net_pnl_hkd,as_drift_kill_switch_maker_fills
2026-07-03,through,True,0.6056882704997698,0.8172323717289416,-361.1924193698387,1909,421.6817266301441,1961,-6261.594983908733,2893,-4858.784375999996,1748,-6261.594983908733,2893
2026-07-03,touch,True,0.6056882704997698,0.8172323717289416,254.72971199998847,2224,1415.0814859999819,2306,-5257.463965908741,3181,-3988.5177259999928,2078,-5257.463965908741,3181
2026-07-06,through,True,0.6046220034049602,0.39704564954447596,-1579.07194599999,1556,-2257.298989999993,1594,-2085.1554359999936,1644,-1579.07194599999,1556,-2085.1554359999936,1644
2026-07-06,touch,True,0.6046220034049602,0.39704564954447596,-453.2821180000001,1854,-999.4996480000009,1930,-754.4598279999964,1972,-453.2821180000001,1854,-754.4598279999964,1972
2026-07-07,through,False,0.587891742576211,0.3499728901312662,9868.102723999993,2060,9661.924749999984,2132,9540.351771999987,2190,9868.102723999993,2060,9868.102723999993,2060
2026-07-07,touch,False,0.587891742576211,0.3499728901312662,11752.712681999988,2532,11408.571797999983,2618,11341.850515999999,2700,11752.712681999988,2532,11752.712681999988,2532
2026-07-08,through,True,0.592984343670749,0.30977669304264005,-1380.6696779999966,2582,-1000.6259660000014,2516,-1000.6259660000014,2516,-1380.6696779999966,2582,-1000.6259660000014,2516
2026-07-08,touch,True,0.592984343670749,0.30977669304264005,824.2759859634953,3371,1294.5693259634863,3295,1294.5693259634863,3295,824.2759859634953,3371,1294.5693259634863,3295
2026-07-09,through,True,0.5894925142422618,0.3516497858540895,-1205.8471820000013,2396,-1029.2190100000016,2364,-1029.2190100000016,2364,-1205.8471820000013,2396,-1029.2190100000016,2364
2026-07-09,touch,True,0.5894925142422618,0.3516497858540895,952.0906099999911,3222,959.8069119999927,3184,959.8069119999927,3184,952.0906099999911,3222,959.8069119999927,3184
2026-07-10,through,False,0.5859935659490225,0.3016702986330525,-1107.2106242136533,1447,-1419.1456322136505,1513,-1419.1456322136505,1513,-1107.2106242136533,1447,-1107.2106242136533,1447
2026-07-10,touch,False,0.5859935659490225,0.3016702986330525,146.00877400000172,2018,-281.37416799999573,2066,-281.37416799999573,2066,146.00877400000172,2018,146.00877400000172,2018
2026-07-14,through,True,0.5939180348945374,0.2569138142480496,1984.7181299999975,2584,2369.616936000001,2506,2635.246373999992,2556,1984.7181299999975,2584,2635.246373999992,2556
2026-07-14,touch,True,0.5939180348945374,0.2569138142480496,4691.639145265701,3499,5163.648495265708,3403,5173.189561265718,3435,4691.639145265701,3499,5173.189561265718,3435
2026-07-15,through,False,0.6165206663649031,0.23208188735133892,474.10626199997205,1814,347.1078739999539,1900,379.9874360000067,1940,147.23191400001542,1934,474.10626199997205,1814
2026-07-15,touch,False,0.6165206663649031,0.23208188735133892,1085.405808072962,2527,957.9670580729962,2683,1713.7078360729774,2727,1248.745704072995,2739,1085.405808072962,2527
2026-07-16,through,True,0.5986520529402918,0.2296706101813789,-3862.3266940000008,2068,-3697.9562480000004,2064,-4759.138462734289,2021,-4764.800428312378,1922,-4759.138462734289,2021
2026-07-16,touch,True,0.5986520529402918,0.2296706101813789,-1534.638668000015,2956,-1515.1669300000176,2950,-1898.0283303123779,2794,-4543.7399147342885,2847,-1898.0283303123779,2794
2026-07-17,through,False,0.6565298192262207,0.1629531579406847,125.20228515888812,889,-353.530205682222,946,-194.74554768222242,936,125.20228515888812,889,125.20228515888812,889
2026-07-17,touch,False,0.6565298192262207,0.1629531579406847,999.153165158888,1195,1109.8265371588889,1301,1033.2474551588887,1269,999.153165158888,1195,999.153165158888,1195
2026-07-20,through,True,0.6009842254280706,0.19936135185789156,-3021.4177904726216,2075,-3436.4773444726175,2183,-3563.7114141014176,2337,-3319.7977469452494,2024,-3563.7114141014176,2337
2026-07-20,touch,True,0.6009842254280706,0.19936135185789156,-885.0998840000002,3052,-1266.611593367138,3173,-1589.0399821014116,3275,-858.0869359999924,3006,-1589.0399821014116,3275
2026-07-21,through,True,0.5854639762160795,0.19831353505526964,-1898.856864472626,1139,-2222.169840472626,1187,-2173.887452101423,1099,-2023.5690189452525,1178,-2173.887452101423,1099
2026-07-21,touch,True,0.5854639762160795,0.19831353505526964,-997.4980281014273,1883,-1202.5012121014292,1945,-1169.465594101424,1739,-1067.1310293671468,1955,-1169.465594101424,1739
2026-07-22,through,False,0.5890524111453668,0.19216774639002662,-1763.5184186301603,1426,-1801.1595706301646,1490,-1727.2726966301616,1432,-1763.5184186301603,1426,-1763.5184186301603,1426
2026-07-22,touch,False,0.5890524111453668,0.19216774639002662,100.89948936984092,2226,68.14096936983742,2348,64.86610136984064,2246,100.89948936984092,2226,100.89948936984092,2226
2026-07-23,through,True,0.5884790767613296,0.1764798384569225,-4241.938441800186,1261,-4347.988977684921,1355,-3219.5106164246063,1339,-5146.424647800184,1389,-3219.5106164246063,1339
2026-07-23,touch,True,0.5884790767613296,0.1764798384569225,-3365.6461678001806,2121,-3281.687135999992,2232,-1851.5789596849172,2177,-4096.90437560037,2336,-1851.5789596849172,2177
2026-07-24,through,True,0.5970554716281042,0.1688719456463507,-1567.5149773698408,1128,-2350.070327369841,1286,-857.870540424607,1071,-2368.5449027396835,1348,-857.870540424607,1071
2026-07-24,touch,True,0.5970554716281042,0.1688719456463507,-1390.3460216849212,1907,-1711.394109684923,2161,-100.3992084246047,1795,-1784.1189067396913,2288,-100.3992084246047,1795
2026-07-27,through,True,0.593052783096373,0.08750100167885944,-3386.6943662728136,1457,-3780.0511502728136,1547,-5504.972619789048,1113,-3513.623989364062,1575,-5504.972619789048,1113
2026-07-27,touch,True,0.593052783096373,0.08750100167885944,-2098.8285182728023,2309,-2500.757594272805,2465,-4419.866413052052,1938,-2624.800369364046,2569,-4419.866413052052,1938
2026-07-28,through,True,0.5893573643915241,0.12480112952426463,453.23926705476333,1539,225.31753305475877,1577,-776.197624945238,1613,453.23926705476333,1539,-776.197624945238,1613
2026-07-28,touch,True,0.5893573643915241,0.12480112952426463,264.4639968438146,2782,325.54805884381494,2844,1347.8850390547564,2831,264.4639968438146,2782,1347.8850390547564,2831
2026-07-29,through,True,0.6280276062477298,0.12790639727837566,-4511.937292843807,3182,-4540.083752843808,3304,-2630.0502992657207,3023,-4511.937292843807,3182,-2630.0502992657207,3023
2026-07-29,touch,True,0.6280276062477298,0.12790639727837566,-47.07040445528855,5115,120.64769483575856,5286,2421.3505918904557,4677,-47.07040445528855,5115,2421.3505918904557,4677
2026-07-30,through,False,0.6131792718256122,0.07843280552864305,-2973.821416981751,2032,-2771.686850981755,2122,-2777.9219714908795,2133,-2973.821416981751,2032,-2973.821416981751,2032
2026-07-30,touch,False,0.6131792718256122,0.07843280552864305,104.1326680000061,3608,642.530431684921,3793,827.3759696849102,3769,104.1326680000061,3608,104.1326680000061,3608
