date,train_dates,symmetric_past20_future20_samples,symmetric_past20_future20_alpha,symmetric_past20_future20_accuracy,symmetric_past20_future20_balanced_accuracy,symmetric_past20_future20_macro_f1,symmetric_past20_future20_mean_probability_edge,forward_current_future20_samples,forward_current_future20_alpha,forward_current_future20_accuracy,forward_current_future20_balanced_accuracy,forward_current_future20_macro_f1,forward_current_future20_mean_probability_edge,symmetric_observed_past_proxy_accuracy,symmetric_observed_past_proxy_macro_f1,symmetric_observed_past_proxy_correlation
2026-07-03,2026-07-02,97745,0.0003067520903465107,0.6056882704997698,0.5665392561831349,0.5566546857595606,0.49596646428108215,97745,0.00022227401324078258,0.3908332907054069,0.36674311153551903,0.35813644851697585,0.11852400749921799,0.5837331832830324,0.5793837956393971,0.6886049811251973
2026-07-06,2026-07-02;2026-07-03,86932,0.0003530219910368171,0.6046220034049602,0.5676039403809022,0.5526296633122582,0.484891802072525,86932,0.0002538633837059212,0.40234896240739887,0.3747537068561697,0.35886872127911973,0.10463613271713257,0.5761399714719551,0.5745161657874616,0.6858280578787848
2026-07-07,2026-07-02;2026-07-03;2026-07-06,152045,0.0003800409892308343,0.587891742576211,0.6023311076461458,0.5874044868777581,0.39279139041900635,152045,0.0002736108157839201,0.38005853530204875,0.38926933064411157,0.37443113876000744,0.09062635898590088,0.5927324147456345,0.5953311941777213,0.6889093726255576
2026-07-08,2026-07-02;2026-07-03;2026-07-06;2026-07-07,143137,0.00035912961388484543,0.592984343670749,0.5880969811454441,0.584740068575922,0.41341885924339294,143137,0.0002602264101845275,0.37333463744524475,0.3733293296273774,0.37292763884789154,0.07145664840936661,0.5787881540063017,0.5863288614320309,0.7030261119881683
2026-07-09,2026-07-02;2026-07-03;2026-07-06;2026-07-07;2026-07-08,160438,0.00036446420448132955,0.5894925142422618,0.5935351394101903,0.5945569910568269,0.37634339928627014,160438,0.00026209619884183977,0.389203305949962,0.3809435977403228,0.37830736745562094,0.059752076864242554,0.5849611688004088,0.5895367205634422,0.689823822447163
2026-07-10,2026-07-03;2026-07-06;2026-07-07;2026-07-08;2026-07-09,92943,0.00036375922009268535,0.5859935659490225,0.5935188569874819,0.5917501449327873,0.36291858553886414,92943,0.00026044992077356444,0.37602616657521276,0.36198820368220325,0.35933281527720373,0.04928974807262421,0.5868543085547056,0.585060279086547,0.6722251078311702
2026-07-14,2026-07-06;2026-07-07;2026-07-08;2026-07-09;2026-07-10,132227,0.00034490834496484857,0.5939180348945374,0.5873595175994996,0.5891055382017086,0.4696936309337616,132227,0.00024806237932684105,0.3591550893539141,0.37860777175827515,0.3494641404992953,0.05743856355547905,0.5818100690479252,0.5845065540354076,0.6955221608000359
2026-07-15,2026-07-07;2026-07-08;2026-07-09;2026-07-10;2026-07-14,112671,0.0003428029815332559,0.6165206663649031,0.5999539810506384,0.6117916675236365,0.32072263956069946,112671,0.00024819199711489937,0.4390659530846447,0.36364579622467064,0.3206720264763764,0.04413338750600815,0.6118255806729327,0.5995590400580675,0.684754616796942
2026-07-16,2026-07-08;2026-07-09;2026-07-10;2026-07-14;2026-07-15,106384,0.00032658222452286445,0.5986520529402918,0.5859319544819034,0.5857488550370453,0.4655436873435974,106384,0.00023604044071134922,0.380273349375846,0.3746453411754529,0.37459559488795197,0.05868856608867645,0.579795833959994,0.5830757437652153,0.6927501878656444
2026-07-17,2026-07-09;2026-07-10;2026-07-14;2026-07-15;2026-07-16,47352,0.00032444838861100944,0.6565298192262207,0.65818768923671,0.6555902077000767,0.4307500123977661,47352,0.0002364944215125231,0.4370881905727319,0.4478142281039232,0.430594621337397,0.07902838289737701,0.637438756546714,0.6413004907462719,0.7314946602889428
2026-07-20,2026-07-10;2026-07-14;2026-07-15;2026-07-16;2026-07-17,103838,0.0003231071987392179,0.6009842254280706,0.5737199354443345,0.5678477184395955,0.48175978660583496,103838,0.00023538177973562535,0.379504612954795,0.3607863265047306,0.3529946336301046,0.06394846737384796,0.5786032088445463,0.5770490309439665,0.6848088202518189
2026-07-21,2026-07-14;2026-07-15;2026-07-16;2026-07-17;2026-07-20,79045,0.00034648136024736004,0.5854639762160795,0.5877575873561063,0.5912157420999722,0.35780733823776245,79045,0.0002522237566580839,0.38007464102726296,0.37059440404083416,0.3653892706716713,0.05279592052102089,0.5845404516414701,0.5884202855341564,0.6820186780967177
2026-07-22,2026-07-15;2026-07-16;2026-07-17;2026-07-20;2026-07-21,85955,0.00032509017739856816,0.5890524111453668,0.5928192900561021,0.5924602926769512,0.38259801268577576,85955,0.00023594257095516102,0.3996742481531034,0.39574954797445266,0.3938986815601307,0.06192224845290184,0.5836193356989122,0.5882934327594079,0.6856020048794524
2026-07-23,2026-07-16;2026-07-17;2026-07-20;2026-07-21;2026-07-22,81799,0.0003454548614554298,0.5884790767613296,0.5939928359833863,0.5896157758882162,0.39045050740242004,81799,0.0002500538329033297,0.37669164659714666,0.37930046885996793,0.37547858064414635,0.06319412589073181,0.581718602916906,0.58761119784723,0.6830724612447697
2026-07-24,2026-07-17;2026-07-20;2026-07-21;2026-07-22;2026-07-23,75462,0.0003298651966456845,0.5970554716281042,0.6004268226727275,0.5994820669863942,0.3925854563713074,75462,0.00023845283889748858,0.3955898332935782,0.3943337755147456,0.39400797814273125,0.06627228111028671,0.5853939731255466,0.5912727427762602,0.6812024155090364
2026-07-27,2026-07-20;2026-07-21;2026-07-22;2026-07-23;2026-07-24,73641,0.0003270243328599894,0.593052783096373,0.5780452183242392,0.5727145298785099,0.457416832447052,73641,0.0002399337234987308,0.3793267337488627,0.37149502035190457,0.3664703222717081,0.06288272142410278,0.5737700465773142,0.5784380181007622,0.6851064216224061
2026-07-28,2026-07-21;2026-07-22;2026-07-23;2026-07-24;2026-07-27,92214,0.0003175231411439716,0.5893573643915241,0.588221821973414,0.5893383770091689,0.439283549785614,92214,0.00023226645232976573,0.3612249766846683,0.3813892832571774,0.33545809705937707,0.07216126471757889,0.5830568026546945,0.5875133535585881,0.6921785797048736
2026-07-29,2026-07-22;2026-07-23;2026-07-24;2026-07-27;2026-07-28,137650,0.0003286101651828188,0.6280276062477298,0.5521897085240587,0.5425097420283594,0.6009228229522705,137650,0.00024002711590672315,0.42936432982201234,0.37107575057542036,0.3582700569809809,0.0919734463095665,0.5899527787867781,0.5622955152445687,0.6807267521969543
2026-07-30,2026-07-23;2026-07-24;2026-07-27;2026-07-28;2026-07-29,119779,0.0003869613772668663,0.6131792718256122,0.5471523005388637,0.5219600326532459,0.5355193614959717,119779,0.000283192130776951,0.41872114477496053,0.3657252149452319,0.32925863000139716,0.0735059455037117,0.5761443992686531,0.5622408615226067,0.6781943177864257
