date,fill_mode,direction_accuracy,direction_macro_f1,drift_slope_ticks,directional_net_pnl_hkd,directional_gross_pnl_hkd,directional_maker_fills,directional_trade_price_fills,directional_best_quote_fills,directional_best_ask_fills,directional_best_bid_fills,directional_trade_price_fill_share,directional_best_quote_fill_share,directional_bid_cancels,directional_ask_cancels,directional_expired_orders,classic_as_net_pnl_hkd,classic_as_gross_pnl_hkd,classic_as_maker_fills,classic_as_trade_price_fills,classic_as_best_quote_fills,classic_as_best_ask_fills,classic_as_best_bid_fills,classic_as_trade_price_fill_share,classic_as_best_quote_fill_share,classic_as_bid_cancels,classic_as_ask_cancels,classic_as_expired_orders,gp_style_discrete_net_pnl_hkd,gp_style_discrete_gross_pnl_hkd,gp_style_discrete_maker_fills,gp_style_discrete_trade_price_fills,gp_style_discrete_best_quote_fills,gp_style_discrete_best_ask_fills,gp_style_discrete_best_bid_fills,gp_style_discrete_trade_price_fill_share,gp_style_discrete_best_quote_fill_share,gp_style_discrete_bid_cancels,gp_style_discrete_ask_cancels,gp_style_discrete_expired_orders,paired_no_signal_net_pnl_hkd,paired_no_signal_gross_pnl_hkd,paired_no_signal_maker_fills,paired_no_signal_trade_price_fills,paired_no_signal_best_quote_fills,paired_no_signal_best_ask_fills,paired_no_signal_best_bid_fills,paired_no_signal_trade_price_fill_share,paired_no_signal_best_quote_fill_share,paired_no_signal_bid_cancels,paired_no_signal_ask_cancels,paired_no_signal_expired_orders
2026-07-03,through,0.6056882704997698,0.5566546857595606,0.8172323717289416,-23700.671184739615,-9241.999694824219,4570,4189,381,199,182,0.9166301969365427,0.08336980306345733,2422,2133,4555,-361.29322399999273,5580.0,1888,1844,44,27,17,0.9766949152542372,0.023305084745762712,3940,3938,7878,-31210.285733635035,-17857.998779296875,4230,4077,153,77,76,0.9638297872340426,0.036170212765957444,2411,2450,4861,-31210.285733635035,-17857.998779296875,4230,4077,153,77,76,0.9638297872340426,0.036170212765957444,2411,2450,4861
2026-07-03,touch,0.6056882704997698,0.5566546857595606,0.8172323717289416,-20973.14568947929,-5443.9993896484375,4904,4414,490,262,228,0.9000815660685155,0.0999184339314845,2257,1972,4229,758.454849999991,7702.0,2206,2144,62,39,23,0.971894832275612,0.028105167724388033,3780,3782,7562,-30090.72834372627,-13060.999084472656,5389,5169,220,119,101,0.9591760994618668,0.040823900538133236,1922,1704,3626,-30090.72834372627,-13060.999084472656,5389,5169,220,119,101,0.9591760994618668,0.040823900538133236,1922,1704,3626
2026-07-06,through,0.6046220034049602,0.5526296633122582,0.39704564954447596,-15685.694358000006,-4630.0,3667,3205,462,240,222,0.8740114535042269,0.12598854649577312,2204,1837,4041,-1781.9249959999906,3008.0,1588,1427,161,76,85,0.8986146095717884,0.10138539042821158,3554,3554,7108,-16087.143474000015,-6170.0,3290,2925,365,178,187,0.8890577507598785,0.11094224924012158,2128,2266,4394,-16087.143474000015,-6170.0,3290,2925,365,178,187,0.8890577507598785,0.11094224924012158,2128,2266,4394
2026-07-06,touch,0.6046220034049602,0.5526296633122582,0.39704564954447596,-13349.235105999976,-614.0,4226,3589,637,319,318,0.8492664458116422,0.1507335541883578,1962,1650,3612,-498.96034200000213,5218.0,1896,1706,190,95,95,0.8997890295358649,0.10021097046413502,3400,3400,6800,-11451.708561999965,1642.0,4344,3877,467,240,227,0.8924953959484346,0.10750460405156538,1779,1647,3426,-11451.708561999965,1642.0,4344,3877,467,240,227,0.8924953959484346,0.10750460405156538,1779,1647,3426
2026-07-07,through,0.587891742576211,0.5874044868777581,0.3499728901312662,-16497.237854908766,-1259.9996948242188,6083,5879,204,114,90,0.9664639158310044,0.03353608416899556,4321,3430,7751,9790.245955999993,14960.0,2064,2012,52,37,15,0.9748062015503876,0.025193798449612403,6571,6571,13142,-16470.40452981751,-1535.9993896484375,5960,5760,200,107,93,0.9664429530201343,0.03355704697986577,4181,3474,7655,-16470.40452981751,-1535.9993896484375,5960,5760,200,107,93,0.9664429530201343,0.03355704697986577,4181,3474,7655
2026-07-07,touch,0.587891742576211,0.5874044868777581,0.3499728901312662,-10912.302746908772,8496.000305175781,7747,7455,292,170,122,0.9623079901897509,0.03769200981024913,3526,2754,6280,11600.16630399999,17956.0,2538,2458,80,57,23,0.9684791174152876,0.03152088258471237,6334,6334,12668,-10673.139477817505,8424.000610351562,7622,7360,262,140,122,0.965625819994752,0.034374180005247966,3336,2839,6175,-10673.139477817505,8424.000610351562,7622,7360,262,140,122,0.965625819994752,0.034374180005247966,3336,2839,6175
2026-07-08,through,0.592984343670749,0.584740068575922,0.30977669304264005,-19284.339616520643,-4934.000610351559,5714,5426,288,129,159,0.9495974798739937,0.0504025201260063,3926,3257,7183,-2107.5498079999907,4256.0,2556,2469,87,49,38,0.965962441314554,0.03403755868544601,5881,5881,11762,-19800.910394520637,-5880.0006103515625,5546,5276,270,126,144,0.9513162639740353,0.04868373602596466,3690,3414,7104,-19800.910394520637,-5880.0006103515625,5546,5276,270,126,144,0.9513162639740353,0.04868373602596466,3690,3414,7104
2026-07-08,touch,0.592984343670749,0.584740068575922,0.30977669304264005,-14296.350806520582,3835.999389648441,7222,6832,390,191,199,0.9459983384104126,0.05400166158958737,3255,2698,5953,-343.5285319999857,7948.000000000004,3320,3201,119,68,51,0.9641566265060241,0.03584337349397591,5499,5499,10998,-13708.468861260346,4171.9996948242115,7127,6743,384,185,199,0.9461203872597166,0.05387961274028343,3031,2778,5809,-13708.468861260346,4171.9996948242115,7127,6743,384,185,199,0.9461203872597166,0.05387961274028343,3031,2778,5809
2026-07-09,through,0.5894925142422618,0.5945569910568269,0.3516497858540895,-21717.815862000036,-8138.0,5538,5182,356,202,154,0.9357168652943301,0.06428313470566992,4903,3904,8807,-1268.742548000002,4672.0,2418,2303,115,69,46,0.9524400330851944,0.04755996691480562,6814,6814,13628,-22493.968845527408,-9246.000091552734,5403,5090,313,184,129,0.9420692208032575,0.05793077919674255,4433,4195,8628,-22493.968845527408,-9246.000091552734,5403,5090,313,184,129,0.9420692208032575,0.05793077919674255,4433,4195,8628
2026-07-09,touch,0.5894925142422618,0.5945569910568269,0.3516497858540895,-16756.95204400008,1480.0,7437,6895,542,314,228,0.927121151001748,0.07287884899825198,4000,3210,7210,903.0841439999931,8860.0,3240,3062,178,120,58,0.9450617283950618,0.05493827160493827,6403,6403,12806,-17419.094785527424,217.99990844726562,7195,6682,513,307,206,0.9287004864489229,0.07129951355107714,3572,3443,7015,-17419.094785527424,217.99990844726562,7195,6682,513,307,206,0.9287004864489229,0.07129951355107714,3572,3443,7015
2026-07-10,through,0.5859935659490225,0.5917501449327873,0.3016702986330525,-13754.881110213644,-5481.999664306641,3173,2976,197,90,107,0.9379136463914277,0.06208635360857233,2771,2551,5322,-1091.523736213654,2732.0003356933594,1467,1388,79,45,34,0.9461486025903204,0.05385139740967962,3916,3915,7831,-12416.148664213652,-4455.999664306641,3053,2878,175,75,100,0.9426793318047821,0.05732066819521782,2533,2662,5195,-12416.148664213652,-4455.999664306641,3053,2878,175,75,100,0.9426793318047821,0.05732066819521782,2533,2662,5195
2026-07-10,touch,0.5859935659490225,0.5917501449327873,0.3016702986330525,-10745.145995999992,436.0,4289,4002,287,149,138,0.9330846351130799,0.06691536488692003,2235,2022,4257,30.320602000004328,5306.0,2024,1909,115,70,45,0.9431818181818182,0.056818181818181816,3637,3637,7274,-10480.236070000003,210.0,4100,3830,270,136,134,0.9341463414634147,0.06585365853658537,1975,2158,4133,-10480.236070000003,210.0,4100,3830,270,136,134,0.9341463414634147,0.06585365853658537,1975,2158,4133
2026-07-14,through,0.5939180348945374,0.5891055382017086,0.2569138142480496,-9640.734170937132,-1796.0010986328125,4962,4729,233,110,123,0.95304312777106,0.04695687222893994,4108,3007,7115,1914.454605999998,6005.999999999989,2588,2512,76,33,43,0.9706336939721792,0.02936630602782071,5321,5321,10642,-9735.456457999997,-2938.000000000012,4302,4184,118,52,66,0.9725708972570897,0.027429102742910275,3702,3853,7555,-7784.330731999981,-748.0,4454,4332,122,53,69,0.9726088908845981,0.027391109115401886,3932,3981,7913
2026-07-14,touch,0.5939180348945374,0.5891055382017086,0.2569138142480496,-3257.617605671405,6911.998626708984,6423,5950,473,228,245,0.9263583995017904,0.07364160049820956,3378,2338,5716,4684.013395265702,10217.99972534179,3505,3394,111,48,63,0.9683309557774608,0.03166904422253923,4863,4862,9725,-4996.224094000003,4542.0,6038,5825,213,99,114,0.9647234183504472,0.03527658164955283,2832,3022,5854,-3527.1151365456462,6323.999847412095,6237,6019,218,100,118,0.9650472983806317,0.03495270161936829,3021,3130,6151
2026-07-15,through,0.6165206663649031,0.6117916675236365,0.23208188735133892,-7739.722573999994,-690.00000000001,3312,3223,89,47,42,0.9731280193236715,0.026871980676328504,3656,3377,7033,391.10455599997294,4263.999999999964,1822,1792,30,14,16,0.9835345773874863,0.01646542261251372,4718,4723,9441,-8130.797281927015,-1861.9997558593968,2947,2865,82,38,44,0.9721750933152359,0.027824906684764165,3037,3883,6920,-8130.797281927015,-1861.9997558593968,2947,2865,82,38,44,0.9721750933152359,0.027824906684764165,3037,3883,6920
2026-07-15,touch,0.6165206663649031,0.6117916675236365,0.23208188735133892,-4538.015833927078,5766.0002441405795,4841,4687,154,84,70,0.9681883908283413,0.03181160917165875,3010,2689,5699,971.0232340729681,6354.000244140594,2531,2481,50,26,24,0.9802449624654287,0.019755037534571317,4367,4369,8736,-6712.013651854017,2604.000488281228,4376,4264,112,61,51,0.9744058500914077,0.025594149908592323,2466,3161,5627,-6712.013651854017,2604.000488281228,4376,4264,112,61,51,0.9744058500914077,0.025594149908592323,2466,3161,5627
2026-07-16,through,0.5986520529402918,0.5857488550370453,0.2296706101813789,-8514.130319156186,-3360.0001831054688,3178,2968,210,113,97,0.933920704845815,0.06607929515418502,3721,1900,5621,-3840.8165040000004,-476.0,2078,1985,93,43,50,0.9552454282964389,0.04475457170356112,4282,4282,8564,-9465.65529957809,-4584.000091552734,3013,2870,143,68,75,0.9525389976767341,0.04746100232326585,3223,3242,6465,-9465.65529957809,-4584.000091552734,3013,2870,143,68,75,0.9525389976767341,0.04746100232326585,3223,3242,6465
2026-07-16,touch,0.5986520529402918,0.5857488550370453,0.2296706101813789,-4695.725805156179,2473.9998168945312,4422,4035,387,179,208,0.912483039348711,0.08751696065128901,3094,1453,4547,-1523.5158440000123,3276.0,2964,2807,157,78,79,0.9470310391363023,0.052968960863697706,3839,3839,7678,-6211.934399578093,815.9999084472656,4337,4092,245,128,117,0.9435093382522481,0.0564906617477519,2611,2543,5154,-6211.934399578093,815.9999084472656,4337,4092,245,128,117,0.9435093382522481,0.0564906617477519,2611,2543,5154
2026-07-17,through,0.6565298192262207,0.6555902077000767,0.1629531579406847,-1041.2645245233373,511.9996795654297,1199,1193,6,1,5,0.9949958298582152,0.0050041701417848205,1761,1136,2897,113.1989611588881,1263.9998931884766,889,882,7,1,6,0.9921259842519685,0.007874015748031496,1925,1924,3849,-1218.8215685233315,251.9996795654297,1135,1127,8,2,6,0.9929515418502203,0.007048458149779736,1483,1615,3098,-1218.8215685233315,251.9996795654297,1135,1127,8,2,6,0.9929515418502203,0.007048458149779736,1483,1615,3098
2026-07-17,touch,0.6565298192262207,0.6555902077000767,0.1629531579406847,1504.781843476664,3827.9996795654297,1797,1786,11,4,7,0.9938786867000556,0.006121313299944352,1465,873,2338,1000.5493651588881,2547.9998931884766,1197,1192,5,1,4,0.9958228905597326,0.004177109440267335,1771,1770,3541,74.17364715888743,2153.9998931884766,1611,1606,5,1,4,0.9968963376784605,0.0031036623215394167,1310,1332,2642,74.17364715888743,2153.9998931884766,1611,1606,5,1,4,0.9968963376784605,0.0031036623215394167,1310,1332,2642
2026-07-20,through,0.6009842254280706,0.5678477184395955,0.19936135185789156,-6806.034668835698,-1974.0006866455078,3313,3100,213,94,119,0.9357078176878961,0.06429218231210383,3516,2412,5928,-3030.861034472621,10.000091552734375,2087,2008,79,38,41,0.9621466219453761,0.03785337805462386,3555,3936,7491,-6362.631362472615,-2461.9999084472656,2679,2565,114,48,66,0.9574468085106383,0.0425531914893617,2701,3595,6296,-8347.08430094524,-4311.999816894531,2770,2653,117,48,69,0.9577617328519855,0.04223826714801444,2968,3678,6646
2026-07-20,touch,0.6009842254280706,0.5678477184395955,0.19936135185789156,-3516.6222688357075,2965.999313354492,4447,4054,393,159,234,0.9116258151562852,0.08837418484371487,2952,1915,4867,-1016.9415879999997,3460.0,3074,2950,124,55,69,0.9596616785946649,0.04033832140533507,3124,3457,6581,-3317.0047147342693,2351.999725341797,3892,3707,185,85,100,0.9524665981500514,0.047533401849948614,2193,3017,5210,-3858.524776734276,1981.9997253417969,4010,3826,184,84,100,0.9541147132169576,0.04588528678304239,2369,3095,5464
2026-07-21,through,0.5854639762160795,0.5912157420999722,0.19831353505526964,-3930.32446410143,-1288.0004119873047,1677,1627,50,27,23,0.9701848539057841,0.02981514609421586,3115,1324,4439,-1866.3976724726258,-55.999908447265625,1149,1123,26,16,10,0.9773716275021758,0.022628372497824196,3112,2932,6044,-3287.6614113671503,-658.0001373291016,1669,1638,31,19,12,0.981426003594967,0.018573996405032954,2652,2755,5407,-3287.6614113671503,-658.0001373291016,1669,1638,31,19,12,0.981426003594967,0.018573996405032954,2652,2755,5407
2026-07-21,touch,0.5854639762160795,0.5912157420999722,0.19831353505526964,-2328.826114101428,1781.9995880126953,2609,2496,113,61,52,0.9566883863549253,0.04331161364507474,2640,962,3602,-1026.9082721014279,1951.9995880126953,1889,1848,41,23,18,0.9782953943885654,0.02170460561143462,2609,2565,5174,-2166.482552101429,2075.9995880126953,2691,2635,56,32,24,0.9791898922333705,0.020810107766629504,2151,2152,4303,-2166.482552101429,2075.9995880126953,2691,2635,56,32,24,0.9791898922333705,0.020810107766629504,2151,2152,4303
2026-07-22,through,0.5890524111453668,0.5924602926769512,0.19216774639002662,100.798734739687,3835.9996948242188,2234,2102,132,71,61,0.9409131602506714,0.05908683974932856,3184,2060,5244,-1786.906936630161,599.9998474121094,1434,1374,60,28,32,0.9581589958158996,0.04184100418410042,3082,3046,6128,-3723.6077446301733,-468.00015258790154,1952,1862,90,52,38,0.9538934426229508,0.04610655737704918,2614,3008,5622,-2536.7567372603235,835.9996948242151,2020,1929,91,52,39,0.9549504950495049,0.04504950495049505,2883,3092,5975
2026-07-22,touch,0.5890524111453668,0.5924602926769512,0.19216774639002662,1855.1866504246173,7479.999618530273,3363,3143,220,128,92,0.9345822182575082,0.06541778174249183,2620,1651,4271,32.06071936984108,3759.9998474121167,2238,2114,124,66,58,0.9445933869526363,0.05540661304736372,2404,2819,5223,-2079.362824315079,2947.999923706051,3011,2850,161,85,76,0.9465293922284955,0.05347060777150448,1981,2525,4506,-1717.8324749452404,3485.999771118157,3115,2953,162,83,79,0.9479935794542537,0.05200642054574639,2127,2620,4747
2026-07-23,through,0.5884790767613296,0.5896157758882162,0.1764798384569225,-4610.995008739683,-1573.9996948242188,1844,1732,112,57,55,0.9392624728850325,0.06073752711496746,3171,1676,4847,-4341.614305800187,-2246.0001678466797,1273,1222,51,24,27,0.959937156323645,0.04006284367635507,2972,3049,6021,-5893.990335600372,-3160.0003356933594,1660,1589,71,36,35,0.9572289156626506,0.0427710843373494,2645,2906,5551,-6380.526847200743,-3532.0006713867188,1728,1653,75,39,36,0.9565972222222222,0.043402777777777776,2814,3016,5830
2026-07-23,touch,0.5884790767613296,0.5896157758882162,0.1764798384569225,-3096.214225369842,1706.0001525878906,2920,2712,208,105,103,0.9287671232876712,0.07123287671232877,2632,1324,3956,-3529.7700378001805,-14.000167846679688,2137,2044,93,48,45,0.956481048198409,0.043518951801591016,2477,2639,5116,-4279.087011600376,199.99966430664062,2722,2595,127,70,57,0.9533431300514328,0.04665686994856723,2123,2363,4486,-4323.570003200751,391.99932861328125,2864,2730,134,71,63,0.9532122905027933,0.0467877094972067,2302,2449,4751
2026-07-24,through,0.5970554716281042,0.5994820669863942,0.1688719456463507,-1815.5078644246073,338.00038146972656,1455,1379,76,41,35,0.947766323024055,0.05223367697594502,3049,1357,4406,-1575.0174993698404,108.00015258789062,1140,1088,52,26,26,0.9543859649122807,0.0456140350877193,3180,3102,6282,-2866.005441369843,-817.9998474121094,1388,1323,65,30,35,0.9531700288184438,0.0468299711815562,2744,2641,5385,-3139.8789587396845,-1035.9996948242188,1424,1359,65,30,35,0.9543539325842697,0.04564606741573034,2925,2721,5646
2026-07-24,touch,0.5970554716281042,0.5994820669863942,0.1688719456463507,-907.0630964246043,2554.0003814697266,2343,2182,161,90,71,0.931284677763551,0.068715322236449,2605,1040,3645,-1486.7092196849212,1352.0000762939453,1925,1845,80,40,40,0.9584415584415584,0.04155844155844156,2763,2677,5440,-2105.153043054766,1336.000228881836,2333,2240,93,42,51,0.9601371624517788,0.039862837548221175,2186,2160,4346,-2332.681954424609,1220.0003814697266,2407,2310,97,44,53,0.9597008724553386,0.0402991275446614,2375,2224,4599
2026-07-27,through,0.593052783096373,0.5727145298785099,0.08750100167885944,-6351.927911263017,-4244.000015258789,1487,1384,103,47,56,0.9307330195023538,0.06926698049764626,2940,1407,4347,-3360.8767662728133,-1282.0000762939453,1467,1388,79,42,37,0.9461486025903204,0.05385139740967962,2949,2950,5899,-3452.5600228184394,-1226.000228881836,1567,1494,73,35,38,0.9534141671984684,0.04658583280153159,2533,2613,5146,-3578.115863364062,-1278.0003814697266,1617,1544,73,34,39,0.9548546691403834,0.04514533085961658,2695,2701,5396
2026-07-27,touch,0.593052783096373,0.5727145298785099,0.08750100167885944,-4783.558773052057,-1376.0000610351562,2396,2222,174,89,85,0.9273789649415692,0.07262103505843072,2487,1141,3628,-2119.9047742728017,1185.9999237060547,2327,2195,132,73,59,0.9432746024924796,0.05672539750752041,2519,2520,5039,-2796.879110818428,833.9997711181641,2553,2406,147,82,65,0.9424206815511164,0.057579318448883664,2009,2030,4039,-2680.2758893640485,1099.9996185302734,2657,2507,150,85,65,0.9435453519006398,0.05645464809936018,2149,2129,4278
2026-07-28,through,0.5893573643915241,0.5893383770091689,0.12480112952426463,-541.1995529452365,1327.999771118164,1671,1637,34,12,22,0.9796529024536206,0.020347097546379412,3759,3166,6925,-250.8770733671331,1431.9998626709075,1505,1472,33,12,21,0.9780730897009967,0.021926910299003323,3665,2712,6377,-398.26460894523643,1499.999771118164,1697,1660,37,13,24,0.9781968179139658,0.021803182086034177,3690,3149,6839,-398.26460894523643,1499.999771118164,1697,1660,37,13,24,0.9781968179139658,0.021803182086034177,3690,3149,6839
2026-07-28,touch,0.5893573643915241,0.5893383770091689,0.12480112952426463,671.7417550547648,3963.999771118164,2953,2885,68,34,34,0.9769725702675246,0.02302742973247545,3101,2670,5771,640.8911404219084,3607.9999084472674,2664,2604,60,29,31,0.9774774774774775,0.02252252252252252,2954,2383,5337,298.0608588438149,3569.999816894535,2936,2871,65,34,31,0.9778610354223434,0.022138964577656677,2986,2681,5667,298.0608588438149,3569.999816894535,2936,2871,65,34,31,0.9778610354223434,0.022138964577656677,2986,2681,5667
2026-07-29,through,0.6280276062477298,0.5425097420283594,0.12790639727837566,-2999.453540421917,-151.99990844726608,3345,3238,107,54,53,0.9680119581464873,0.03198804185351271,5212,2587,7799,-3563.8342919999927,-1031.9999999999964,2974,2897,77,40,37,0.9741089441829186,0.02589105581708137,4935,4148,9083,-4779.097936421912,-2007.999908447273,3255,3169,86,45,41,0.9735791090629801,0.02642089093701997,5115,4657,9772,-4779.097936421912,-2007.999908447273,3255,3169,86,45,41,0.9735791090629801,0.02642089093701997,5115,4657,9772
2026-07-29,touch,0.6280276062477298,0.5425097420283594,0.12790639727837566,2917.786787156192,7328.000183105469,5180,4987,193,97,96,0.9627413127413127,0.03725868725868726,4295,1937,6232,359.8279021268204,4405.9995880127,4747,4636,111,53,58,0.9766168106172319,0.023383189382768062,3847,3319,7166,125.91579354470377,4543.999313354496,5185,5053,132,69,63,0.9745419479267117,0.025458052073288332,3969,3640,7609,125.91579354470377,4543.999313354496,5185,5053,132,69,63,0.9745419479267117,0.025458052073288332,3969,3640,7609
2026-07-30,through,0.6131792718256122,0.5219600326532459,0.07843280552864305,-3057.945048315085,-1076.0000762939453,2451,2392,59,24,35,0.9759281925744594,0.024071807425540596,4762,3700,8462,-3066.7353969817477,-1413.9999389648365,2038,1989,49,16,33,0.9759568204121688,0.02404317958783121,4307,3910,8217,-3655.408290981751,-1883.9999389648383,2188,2136,52,17,35,0.9762340036563071,0.02376599634369287,4162,4266,8428,-3300.3687879635063,-1469.9998779296875,2258,2207,51,16,35,0.9774136403897254,0.022586359610274578,4538,4395,8933
2026-07-30,touch,0.6131792718256122,0.5219600326532459,0.07843280552864305,1576.1370913698374,4931.999847412117,4166,4020,146,73,73,0.9649543927028325,0.03504560729716755,3908,2989,6897,105.21148600000606,3018.0000000000073,3614,3534,80,33,47,0.977863862755949,0.02213613724405091,3543,3330,6873,-151.2211199999956,2912.0000000000036,3800,3710,90,42,48,0.9763157894736842,0.02368421052631579,3401,3561,6962,13.250985018245046,3188.0000610351526,3936,3850,86,37,49,0.978150406504065,0.02184959349593496,3638,3667,7305
