variant,gamma,fill_mode,quote_decisions,quoted_bid,quoted_ask,maker_fills,buy_fills,sell_fills,trade_price_fills,best_quote_fills,bid_cancels,ask_cancels,expired_orders,market_orders,market_order_lots,policy_market_orders,policy_market_order_lots,terminal_flatten_orders,terminal_flatten_lots,gross_pnl_hkd,all_in_fees_hkd,net_pnl_hkd,maker_turnover_hkd,market_turnover_hkd,feeable_turnover_hkd,exposure_duration_seconds,absolute_inventory_lot_seconds,squared_inventory_lot2_seconds,realized_inventory_penalty_hkd,test_days,maker_fills_per_day,mean_daily_net_pnl_hkd,daily_net_pnl_std_hkd,profitable_days,active_days,maker_fill_rate,quoted_side_share,max_abs_inventory_lots,time_mean_abs_inventory_lots,time_rms_inventory_lots,nonzero_inventory_time_share,day_close_max_drawdown_hkd,worst_intraday_drawdown_hkd,mean_full_horizon_impulse_state_share
gamma_50,50.0,through,99087,188,188,231,115,116,223,8,73,72,145,95,95,95,95,0,0,468.0000305175781,704.9417327143098,-236.9417021967316,1793151.000328064,751765.0022506714,2544916.0025787354,444309.145,11101.648,11101.648,555082.4,19,12.157894736842104,-12.470615905091135,61.75274244294102,8,18,0.6143617021276596,0.0018973225549264788,1,0.024986314427536706,0.15807059950394542,0.024986314427536706,298.7166155462647,185.80314783248903,0.9523809523809523
gamma_50,50.0,touch,99087,995,995,1324,661,663,1221,103,334,332,666,570,570,570,570,0,0,565.9751892089844,4396.920715097045,-3830.9455258880607,10987108.987617493,4886250.994682312,15873359.982299805,444309.145,16990.702,16990.702,849535.1,19,69.6842105263158,-201.6287118888453,325.87572236061106,7,19,0.6653266331658292,0.010041680543360885,1,0.03824072088365411,0.1955523481926364,0.03824072088365411,3871.7640465290065,1278.2743172683709,0.9523809523809523
gamma_25,25.0,through,99087,188,188,231,115,116,223,8,73,72,145,95,95,95,95,0,0,468.0000305175781,704.9417327143098,-236.9417021967316,1793151.000328064,751765.0022506714,2544916.0025787354,444309.145,11101.648,11101.648,277541.2,19,12.157894736842104,-12.470615905091135,61.75274244294102,8,18,0.6143617021276596,0.0018973225549264788,1,0.024986314427536706,0.15807059950394542,0.024986314427536706,298.7166155462647,185.80314783248903,0.9523809523809523
gamma_25,25.0,touch,99087,995,995,1324,661,663,1221,103,334,332,666,570,570,570,570,0,0,565.9751892089844,4396.920715097045,-3830.9455258880607,10987108.987617493,4886250.994682312,15873359.982299805,444309.145,16990.702,16990.702,424767.55,19,69.6842105263158,-201.6287118888453,325.87572236061106,7,19,0.6653266331658292,0.010041680543360885,1,0.03824072088365411,0.1955523481926364,0.03824072088365411,3871.7640465290065,1278.2743172683709,0.9523809523809523
gamma_12.5,12.5,through,99087,188,188,231,115,116,223,8,73,72,145,95,95,95,95,0,0,468.0000305175781,704.9417327143098,-236.9417021967316,1793151.000328064,751765.0022506714,2544916.0025787354,444309.145,11101.648,11101.648,138770.6,19,12.157894736842104,-12.470615905091135,61.75274244294102,8,18,0.6143617021276596,0.0018973225549264788,1,0.024986314427536706,0.15807059950394542,0.024986314427536706,298.7166155462647,185.80314783248903,0.9523809523809523
gamma_12.5,12.5,touch,99087,995,995,1324,661,663,1221,103,334,332,666,570,570,570,570,0,0,565.9751892089844,4396.920715097045,-3830.9455258880607,10987108.987617493,4886250.994682312,15873359.982299805,444309.145,16990.702,16990.702,212383.775,19,69.6842105263158,-201.6287118888453,325.87572236061106,7,19,0.6653266331658292,0.010041680543360885,1,0.03824072088365411,0.1955523481926364,0.03824072088365411,3871.7640465290065,1278.2743172683709,0.9523809523809523
gamma_6.25,6.25,through,99087,188,188,231,115,116,223,8,73,72,145,95,95,95,95,0,0,468.0000305175781,704.9417327143098,-236.9417021967316,1793151.000328064,751765.0022506714,2544916.0025787354,444309.145,11101.648,11101.648,69385.3,19,12.157894736842104,-12.470615905091135,61.75274244294102,8,18,0.6143617021276596,0.0018973225549264788,1,0.024986314427536706,0.15807059950394542,0.024986314427536706,298.7166155462647,185.80314783248903,0.9523809523809523
gamma_6.25,6.25,touch,99087,995,995,1324,661,663,1221,103,334,332,666,570,570,570,570,0,0,565.9751892089844,4396.920715097045,-3830.9455258880607,10987108.987617493,4886250.994682312,15873359.982299805,444309.145,16990.702,16990.702,106191.8875,19,69.6842105263158,-201.6287118888453,325.87572236061106,7,19,0.6653266331658292,0.010041680543360885,1,0.03824072088365411,0.1955523481926364,0.03824072088365411,3871.7640465290065,1278.2743172683709,0.9523809523809523
gamma_5,5.0,through,99087,188,188,231,115,116,223,8,73,72,145,95,95,95,95,0,0,468.0000305175781,704.9417327143098,-236.9417021967316,1793151.000328064,751765.0022506714,2544916.0025787354,444309.145,11101.648,11101.648,55508.24,19,12.157894736842104,-12.470615905091135,61.75274244294102,8,18,0.6143617021276596,0.0018973225549264788,1,0.024986314427536706,0.15807059950394542,0.024986314427536706,298.7166155462647,185.80314783248903,0.9511278195488722
gamma_5,5.0,touch,99087,995,995,1324,661,663,1221,103,334,332,666,570,570,570,570,0,0,565.9751892089844,4396.920715097045,-3830.9455258880607,10987108.987617493,4886250.994682312,15873359.982299805,444309.145,16990.702,16990.702,84953.51,19,69.6842105263158,-201.6287118888453,325.87572236061106,7,19,0.6653266331658292,0.010041680543360885,1,0.03824072088365411,0.1955523481926364,0.03824072088365411,3871.7640465290065,1278.2743172683709,0.9523809523809523
gamma_3.125,3.125,through,99087,187,188,230,114,116,222,8,73,72,145,94,94,94,94,0,0,473.0000305175781,698.9128275452423,-225.9127970276642,1782266.0000228882,740885.0019454956,2523151.001968384,444309.145,11104.443,11104.443,34701.384375,19,12.105263157894736,-11.890147211982324,61.87041024913843,8,18,0.6133333333333333,0.0018922764843016743,1,0.024992605092564544,0.15809049652830034,0.02499260509256454,292.68909537719725,185.80314783248903,0.9482038429406852
gamma_3.125,3.125,touch,99087,990,995,1320,657,663,1217,103,333,332,665,562,562,562,562,0,0,655.9745788574219,4358.894154589843,-3702.919575732421,10941108.986854553,4794970.993614197,15736079.98046875,444309.145,16990.975,16990.975,53096.796875,19,69.47368421052632,-194.89050398591692,318.04618263893946,7,19,0.6649874055415617,0.010016450190236862,1,0.03824133532070333,0.19555391921591173,0.03824133532070333,3743.738096373367,1278.2743172683709,0.9481342244500138
gamma_1.5625,1.5625,through,99087,287,305,338,164,174,326,12,123,131,254,116,116,116,116,0,0,197.99771118164062,1125.3512796069185,-927.3535684252779,2999186.998512268,1063453.0000686646,4062639.9985809326,444309.145,11441.357,11441.973,17878.0828125,19,17.789473684210527,-48.80808254869884,193.51876139624756,7,18,0.5709459459459459,0.002987273809884243,2,0.02575089243324037,0.1604751658522283,0.025750199222210477,946.106289861206,830.5509848846436,0.9142996379838487
gamma_1.5625,1.5625,touch,99087,4226,4186,5874,2905,2969,4713,1161,1321,1217,2538,1344,1344,1344,1344,0,0,-469.16705322265625,20921.239649417374,-21390.40670264003,61604679.97504425,13923260.997581482,75527940.97262573,444309.145,33079.812,33089.678,51702.621875,19,309.1578947368421,-1125.8108790863173,3087.1651036158655,7,19,0.6982881597717546,0.04244754609585516,2,0.07445224203071489,0.2729000683226799,0.07444113940081067,21431.22522328098,10878.406191706123,0.905318852687274
gamma_1,1.0,through,99087,506,491,528,259,269,501,27,247,222,469,146,146,146,146,0,0,16.98995971679642,1734.1892475536959,-1717.1992878368994,4890205.002433777,1370405.9995651245,6260611.001998901,444309.145,16068.057,16077.437,16077.437,19,27.789473684210527,-90.37890988615258,232.0100898935055,5,18,0.5295887662988967,0.005030932412930051,2,0.03616413747234485,0.19022420692215952,0.03615358175893499,1741.9501489635163,967.9812362707521,0.8942495126705655
gamma_1,1.0,touch,99087,5066,4968,7147,3550,3597,5678,1469,1516,1371,2887,183,183,183,183,0,0,1896.8134841918945,21047.903445298783,-19151.08996110689,74673383.99324036,1311827.000617981,75985210.99385834,444309.145,39314.425,46567.147,46567.147,19,376.1578947368421,-1007.9521032161523,2699.1829406445604,6,19,0.7122782539366155,0.050632272649288,2,0.08848439300073375,0.3237406165286782,0.08032259610591629,19197.910090327277,9517.182515100894,0.8773322194374829
gamma_0.78125,0.78125,through,99087,580,621,626,292,334,591,35,288,287,575,103,104,103,104,0,0,-326.0119934082036,1852.9937181513828,-2179.0057115595864,5782606.007148743,906902.000617981,6689508.007766724,444309.145,20268.84,27521.076,21500.840625,19,32.94736842105263,-114.68451113471505,262.4105342675477,4,18,0.5212323064113239,0.006060330820390162,2,0.045618777439298486,0.24888004619885593,0.0374575274609754,2203.756572686203,1082.9472456320195,0.8792119186856029
gamma_0.78125,0.78125,touch,99087,5596,5415,7795,3888,3907,6249,1546,1708,1508,3216,199,199,199,199,0,0,2389.8034515380855,22470.180720102246,-20080.37726856416,79652819.99240112,1466966.0007476807,81119785.9931488,444309.145,44637.549,51907.449,40552.69453125,19,410.2631578947368,-1056.8619615033767,2696.9782676530426,6,19,0.7079284352011624,0.05556228364972196,2,0.10046506920311081,0.34180012472563387,0.09228394117343679,20327.607167564798,9531.853364756047,0.8673767752715124
gamma_0.5,0.5,through,99087,1049,1035,1074,531,543,1015,59,518,492,1010,90,90,90,90,0,0,-1377.0200347900395,2686.8288127118076,-4063.8488475018476,9059681.006858826,640061.9993209839,9699743.00617981,444309.145,32911.193,40164.621,20082.3105,19,56.526315789473685,-213.88678144746567,428.57653431247127,4,19,0.5153550863723608,0.010516011182092505,2,0.07407273374938074,0.30066246277635,0.0659101423627011,4094.5223133527693,1883.1726613859562,0.8553327763854082
gamma_0.5,0.5,touch,99087,9801,9455,13550,6755,6795,10706,2844,3046,2660,5706,54,54,54,54,0,0,4508.730262756348,29529.82571448148,-25021.095451725134,106348391.00547028,257477.9998779297,106605869.0053482,444309.145,60512.108,67864.416,33932.208,19,713.1578947368421,-1316.8997606171124,2615.4047033080838,2,19,0.7036767760697964,0.09716713595123477,2,0.13619370359797567,0.3908214862570317,0.12791983833688592,25021.095451725134,9490.339862301671,0.8410609857978281
gamma_0.390625,0.390625,through,99087,5012,4801,4768,2375,2393,4427,341,2637,2408,5045,40,40,40,40,0,0,-16838.17914581299,13789.460548219558,-30627.639694032547,49509467.024269104,271978.9981842041,49781446.02245331,444309.145,42403.166,49671.138,19402.78828125,19,250.94736842105263,-1611.9810365280287,4403.024608004775,5,19,0.4858860694996433,0.04951709104120621,2,0.09543617653874757,0.33435623708419626,0.08725721816956974,30664.885508484047,15729.596670895979,0.8302005012531329
gamma_0.390625,0.390625,touch,99087,9968,9586,13767,6882,6885,10884,2883,3086,2701,5787,11,11,11,11,0,0,4483.724540710449,29741.738192623463,-25258.013651913014,107271749.0027008,99146.99954986572,107370896.00225067,444309.145,61134.893,68676.637,26826.811328125,19,724.578947368421,-1329.3691395743692,2649.1511196837596,0,19,0.7040503221847192,0.0986708649974265,2,0.1375953965566025,0.39315326257470373,0.1291083508983368,25258.013651913014,9575.871562568698,0.8114035087719298
gamma_0.195312,0.1953125,through,99087,8311,8023,7941,3970,3971,7196,745,4341,4052,8393,3,3,3,3,0,0,-20964.234031677246,19572.60948927968,-40536.84352095692,70638005.03365326,21234.99984741211,70659240.03350067,444309.145,63387.08,70778.368,13823.9,19,417.94736842105266,-2133.5180800503645,4269.011224415138,1,19,0.48616383004775315,0.08242251758555613,2,0.14266436041959027,0.3991238186946317,0.1343466293046928,40571.79567937881,15870.889522393629,0.7386521860206073
gamma_0.195312,0.1953125,touch,99087,20875,20312,29125,14560,14565,21998,7127,6315,5747,12062,9,9,8,8,1,1,4334.557762145996,50167.21986067554,-45832.662098529545,181049952.9704666,59143.99948120117,181109096.96994781,444309.145,105610.75899999999,120597.379,23554.1755859375,19,1532.8947368421052,-2412.2453736068182,2559.1435120202195,0,19,0.7071406026173307,0.20783251082382148,2,0.23769656823066287,0.5209863064356408,0.2208314865992686,45832.66209852955,9609.220945198856,0.7231968810916181
gamma_0.1,0.1,through,99087,10368,9973,9664,4832,4832,8575,1089,5536,5141,10677,4,4,1,1,3,3,-24364.241500854492,20935.7691471719,-45300.01064802639,75549162.03352356,31231.999588012695,75580394.03311157,444309.145,82331.217,105224.51299999999,10522.4513,19,508.63157894736844,-2384.211086738231,4316.427766204586,0,19,0.47509955262769776,0.10264212257914762,3,0.18530164847270925,0.48664900091295205,0.16768954192918986,45300.01064802638,16126.074667484876,0.588902812587023
gamma_0.1,0.1,touch,99087,23620,23053,33083,16541,16542,24936,8147,7079,6511,13590,1,1,0,0,1,1,3815.511932373047,58622.581978440045,-54807.070046067,211623019.9582672,10850.0,211633869.9582672,444309.145,122453.953,147969.513,14796.9513,19,1741.2105263157894,-2884.582634003526,2723.365792206064,0,19,0.7088252308615259,0.23551525427149878,3,0.2756052950474382,0.5770899300282366,0.24695044483047945,54807.07004606699,10614.338560360775,0.5632135895293788
gamma_0.0976562,0.09765625,through,99087,10373,9983,9670,4835,4835,8581,1089,5538,5148,10686,4,4,1,1,3,3,-24482.242294311523,20945.885741205715,-45428.128035517235,75585684.03364563,31231.999588012695,75616916.03323364,444309.145,86061.20700000001,109008.719,10645.38271484375,19,508.94736842105266,-2390.9541071324866,4313.663911868009,0,19,0.4750442130084496,0.10271781363851969,3,0.1936966816201814,0.4953224266917363,0.17602356350329004,45428.12803551723,16126.074667484876,0.5799220272904483
gamma_0.0976562,0.09765625,touch,99087,23628,23060,33091,16545,16546,24939,8152,7083,6514,13597,1,1,0,0,1,1,3805.512466430664,58636.09570056262,-54830.583234131955,211671805.95870972,10850.0,211682655.95870972,444309.145,122490.057,148032.045,14456.25439453125,19,1741.6315789473683,-2885.8201702174715,2723.593848689256,0,19,0.7087688485263879,0.23559094533087085,3,0.27568655378452767,0.5772118564136969,0.24700196301383803,54830.58323413195,10614.338560360775,0.5586187691450848
gamma_0.05,0.05,through,99087,21785,21038,20063,10032,10031,16746,3317,11753,11007,22760,5,5,0,0,5,5,-42746.37853240967,34643.996107177125,-77390.3746395868,125026215.00414276,42363.00010681152,125068578.00424957,444309.145,170215.136,217250.538,10862.5269,19,1055.9473684210527,-4073.1776126098302,3937.1258793138536,0,19,0.46850991289727484,0.2160878823660016,3,0.3831006809459211,0.6992585804384742,0.33850042406847153,77390.37463958678,16045.143098704819,0.3696741854636591
gamma_0.05,0.05,touch,99087,23425,23010,32786,16392,16394,24825,7961,7033,6616,13649,2,2,0,0,2,2,4104.4985275268555,58126.08191262303,-54021.58338509617,209821000.94809723,20450.0,209841450.94809723,444309.145,170879.461,211548.143,10577.407150000001,19,1725.578947368421,-2843.241230794535,2609.284478908265,0,19,0.7060622375363411,0.2343142894627953,4,0.3845958673661781,0.6900204826687174,0.33921144702074496,54021.58338509617,10066.869205793053,0.34099136730715673
gamma_0.0488281,0.048828125,through,99087,22458,21698,20795,10398,10397,17332,3463,12060,11301,23361,5,5,0,0,5,5,-43858.39101409912,36545.971180673376,-80404.36219477249,131892551.00954437,42363.00010681152,131934914.00965118,444309.145,172907.17,220222.0,10753.02734375,19,1094.4736842105262,-4231.808536566973,3863.7275001035764,0,19,0.47094392608026087,0.22281429450886595,3,0.38915960192536664,0.7040244226940765,0.3442448928211909,80404.36219477249,16045.143098704819,0.36278195488721804
gamma_0.0488281,0.048828125,touch,99087,23270,22818,32518,16258,16260,24657,7861,7012,6558,13570,2,2,0,0,2,2,4052.498863220215,57729.04451716404,-53676.545653943824,208387652.95005035,20450.0,208408102.95005035,444309.145,172979.952,213763.468,10437.6693359375,19,1711.4736842105262,-2825.08135020757,2614.8545865031742,0,19,0.7055632702655789,0.23256330295598818,4,0.3893234112928285,0.6936240088181169,0.3438124169152539,53676.545653943824,10066.869205793053,0.33500417710944025
gamma_0.0244141,0.0244140625,through,99087,21086,20543,19631,9817,9814,16584,3047,11269,10729,21998,5,5,1,1,4,4,-44677.400802612305,36329.3314205927,-81006.732223205,131113756.01243591,39065.00053405762,131152821.01296997,444309.145,264039.161,355855.61100000003,8687.881127929688,19,1033.2105263157894,-4263.5122222739465,4275.2497434811985,0,19,0.47157029955079394,0.21006287403998505,4,0.5942690218541417,0.894940748596367,0.5012862969543425,81006.732223205,18485.887956145318,0.212406015037594
gamma_0.0244141,0.0244140625,touch,99087,23006,22544,31913,15956,15957,24381,7532,7050,6587,13637,3,3,0,0,3,3,2526.4787673950195,58039.04075688082,-55512.5619894858,209497822.94902802,29400.0,209527222.94902802,444309.145,230045.752,304931.654,7444.620458984375,19,1679.6315789473683,-2921.7137889203054,2707.492269756052,0,19,0.7006147091108672,0.22984851695984337,5,0.5177605606114635,0.8284353620453012,0.4442703897080489,55512.5619894858,10493.38808235479,0.17481203007518795
gamma_0.012207,0.01220703125,through,99087,22307,21736,20830,10416,10414,17568,3262,11891,11322,23213,8,8,1,1,7,7,-47854.41619873047,38823.52002724611,-86677.93622597658,140105771.01097107,51341.000747680664,140157112.01171875,444309.145,296803.723,442058.847,5396.226159667969,19,1096.3157894736842,-4561.996643472451,4266.928964445638,0,19,0.4729468928093,0.22224408852826305,5,0.6680117353875307,0.9974644292812066,0.5310781235439122,86677.93622597659,19260.06789250091,0.11417432470064047
gamma_0.012207,0.01220703125,touch,99087,25038,24509,34820,17410,17410,26377,8443,7628,7099,14727,4,4,0,0,4,4,1357.4609756469727,61863.1301862105,-60505.66921056353,223297921.95034027,34677.99987792969,223332599.9502182,444309.145,269810.221,395993.691,4833.907360839844,19,1832.6315789473683,-3184.5089058191334,2739.5941171060495,0,19,0.7027670696510384,0.25001766124718683,5,0.607257860965252,0.9440641527915784,0.49542779273651905,60505.66921056353,10876.386554971386,0.0732386521860206
gamma_0.01,0.01,through,99087,22799,22147,21251,10627,10624,17936,3315,12172,11523,23695,7,7,1,1,6,6,-49524.42237854004,39246.92283859865,-88771.34521713869,141637547.01576233,48095.0008392334,141685642.01660156,444309.145,311535.707,472793.457,4727.93457,19,1118.4736842105262,-4672.176064059931,4399.507298154978,0,19,0.4728118186267966,0.22680069030246147,5,0.7011687931834039,1.0315566966331349,0.5486651394492454,88771.3452171387,19260.06789250091,0.09001670843776106
gamma_0.01,0.01,touch,99087,25113,24613,34923,17461,17462,26504,8419,7652,7151,14803,4,5,0,0,4,5,1369.456672668457,62027.32581165758,-60657.869138989125,223879835.94112396,45527.99987792969,223925363.9410019,444309.145,293441.476,442906.978,4429.06978,19,1838.0526315789473,-3192.519428367849,2694.153095081277,0,19,0.7023086514097253,0.2509209078890268,6,0.6604443759535942,0.9984208348879895,0.5260426251185985,60657.86913898913,11280.912908304672,0.04949874686716791
gamma_0.00610352,0.006103515625,through,99087,24196,23494,22517,11259,11258,18907,3610,12937,12236,25173,11,11,1,1,10,10,-53907.44270324707,40957.56043600519,-94865.00313925225,147785304.0097046,75925.00114440918,147861229.010849,444309.145,377384.528,615220.828,3755.0099365234373,19,1185.1052631578948,-4992.894902065908,4576.405504324555,0,19,0.472153491297966,0.2406471080969249,5,0.8493737575444232,1.1767193331221633,0.6307940791990675,94865.00313925227,19909.34131058044,0.038011695906432746
gamma_0.00610352,0.006103515625,touch,99087,25302,24730,35027,17513,17514,26808,8219,7789,7216,15005,4,5,0,0,4,5,88.46492767333984,63297.74504220375,-63209.28011453041,228466186.9539261,45527.99987792969,228511714.95380402,444309.145,357585.308,585137.104,3571.39345703125,19,1843.5263157894738,-3326.804216554232,2632.9181247795536,0,19,0.700091941157659,0.252465005500217,6,0.8048119468709113,1.1475885141105462,0.5990057688324195,63209.28011453041,10877.790003206685,0.01211361737677527
gamma_0,0.0,through,99087,26699,25792,24758,12386,12372,20698,4060,14313,13420,27733,28,52,13,28,15,24,-93547.46841430664,45592.410861560595,-139139.87927586722,164240674.0120697,352867.00439453125,164593541.01646423,444309.145,1635108.324,8677097.37,0.0,19,1303.0526315789473,-7323.151540835117,7262.301760681433,1,19,0.4716618086910137,0.2648732931666112,10,3.6801140431174333,4.419209691792925,0.8991926353440237,139139.87927586725,31816.15141866073,0.0
gamma_0,0.0,touch,99087,26658,26120,36819,18408,18411,28157,8662,8250,7709,15959,14,21,4,5,10,16,-30380.54847717285,66652.03859592788,-97032.58707310073,240449390.96183777,171687.0018005371,240621077.9636383,444309.145,1686368.09,9051329.924,0.0,19,1937.842105263158,-5106.978267005303,5040.492300625924,2,19,0.6976202205464398,0.26632151543593,10,3.7954836378621017,4.513501296828005,0.9093377630118326,97032.58707310076,22742.497015810444,0.0
